{
  "KNGX": {"crs": "KGX", "name": "London Kings Cross"},
  "KNGSXGN": {"crs": "KGX", "name": "London Kings Cross"},
  "PADTON": {"crs": "PAD", "name": "London Paddington"},
  "PADTLL": {"crs": "PAD", "name": "London Paddington"},
  "EUSTON": {"crs": "EUS", "name": "London Euston"},
  "WATRLMN": {"crs": "WAT", "name": "London Waterloo"},
  "WATRLOO": {"crs": "WAT", "name": "London Waterloo"},
  "WATRLWR": {"crs": "WAT", "name": "London Waterloo"},
  "VICTRIA": {"crs": "VIC", "name": "London Victoria"},
  "VICTRIC": {"crs": "VIC", "name": "London Victoria"},
  "LIVST": {"crs": "LST", "name": "London Liverpool Street"},
  "LIVSTLL": {"crs": "LST", "name": "London Liverpool Street"},
  "LNDRBRG": {"crs": "LBG", "name": "London Bridge"},
  "LNDNBDG": {"crs": "LBG", "name": "London Bridge"},
  "STPX": {"crs": "STP", "name": "London St Pancras"},
  "STPANCI": {"crs": "STP", "name": "London St Pancras"},
  "STPANIN": {"crs": "STP", "name": "London St Pancras"},
  "STPXBOX": {"crs": "STP", "name": "London St Pancras"},
  "MARYLBN": {"crs": "MYB", "name": "London Marylebone"},
  "CHRX": {"crs": "CHX", "name": "London Charing Cross"},
  "CHARING": {"crs": "CHX", "name": "London Charing Cross"},
  "FENCHRS": {"crs": "FST", "name": "London Fenchurch Street"},
  "CNLST": {"crs": "CST", "name": "London Cannon Street"},
  "BLFR": {"crs": "BFR", "name": "London Blackfriars"},
  "BLCHSRD": {"crs": "BFR", "name": "London Blackfriars"},
  "MOORGT": {"crs": "MOG", "name": "Moorgate"},
  "EDINBUR": {"crs": "EDB", "name": "Edinburgh Waverley"},
  "EDBWAVY": {"crs": "EDB", "name": "Edinburgh Waverley"},
  "EDINBURGH": {"crs": "EDB", "name": "Edinburgh Waverley"},
  "HAYMARKT": {"crs": "HYM", "name": "Edinburgh Haymarket"},
  "HAYMRKT": {"crs": "HYM", "name": "Edinburgh Haymarket"},
  "GLGC": {"crs": "GLC", "name": "Glasgow Central"},
  "GLASGCL": {"crs": "GLC", "name": "Glasgow Central"},
  "GLGQHL": {"crs": "GLQ", "name": "Glasgow Queen Street"},
  "GLASGQH": {"crs": "GLQ", "name": "Glasgow Queen Street"},
  "GLASGQE": {"crs": "GLQ", "name": "Glasgow Queen Street"},
  "BHAMNWS": {"crs": "BHM", "name": "Birmingham New Street"},
  "BIRMNWS": {"crs": "BHM", "name": "Birmingham New Street"},
  "BHAMINT": {"crs": "BHI", "name": "Birmingham International"},
  "BHMM": {"crs": "BMO", "name": "Birmingham Moor Street"},
  "MNCRPIC": {"crs": "MAN", "name": "Manchester Piccadilly"},
  "MANCHST": {"crs": "MAN", "name": "Manchester Piccadilly"},
  "MNCRVIC": {"crs": "MCV", "name": "Manchester Victoria"},
  "MNCROXR": {"crs": "MCO", "name": "Manchester Oxford Road"},
  "LEEDS": {"crs": "LDS", "name": "Leeds"},
  "YORK": {"crs": "YRK", "name": "York"},
  "BRSTLTM": {"crs": "BRI", "name": "Bristol Temple Meads"},
  "BRSTPKY": {"crs": "BPW", "name": "Bristol Parkway"},
  "LVRPLSH": {"crs": "LIV", "name": "Liverpool Lime Street"},
  "LIVRLSH": {"crs": "LIV", "name": "Liverpool Lime Street"},
  "NWCSTLE": {"crs": "NCL", "name": "Newcastle"},
  "NEWCSLE": {"crs": "NCL", "name": "Newcastle"},
  "SHEFFLD": {"crs": "SHF", "name": "Sheffield"},
  "NOTTM": {"crs": "NOT", "name": "Nottingham"},
  "NOTNGMN": {"crs": "NOT", "name": "Nottingham"},
  "CRDFCEN": {"crs": "CDF", "name": "Cardiff Central"},
  "CARDCEN": {"crs": "CDF", "name": "Cardiff Central"},
  "OXFD": {"crs": "OXF", "name": "Oxford"},
  "CAMBDGE": {"crs": "CBG", "name": "Cambridge"},
  "CAMBRDG": {"crs": "CBG", "name": "Cambridge"},
  "BATHSPA": {"crs": "BTH", "name": "Bath Spa"},
  "BRGHTN": {"crs": "BTN", "name": "Brighton"},
  "RDNG": {"crs": "RDG", "name": "Reading"},
  "RDNGSTN": {"crs": "RDG", "name": "Reading"},
  "READING": {"crs": "RDG", "name": "Reading"},
  "READNGW": {"crs": "RDW", "name": "Reading West"},
  "SOTON": {"crs": "SOU", "name": "Southampton Central"},
  "SOTNCEN": {"crs": "SOU", "name": "Southampton Central"},
  "STHMPTN": {"crs": "SOU", "name": "Southampton Central"},
  "EXTRSD": {"crs": "EXD", "name": "Exeter St Davids"},
  "EXETRSD": {"crs": "EXD", "name": "Exeter St Davids"},
  "PLYMTH": {"crs": "PLY", "name": "Plymouth"},
  "PLYMUTH": {"crs": "PLY", "name": "Plymouth"},
  "PTBRO": {"crs": "PBO", "name": "Peterborough"},
  "PETERBO": {"crs": "PBO", "name": "Peterborough"},
  "COVENTR": {"crs": "COV", "name": "Coventry"},
  "CREWE": {"crs": "CRE", "name": "Crewe"},
  "PRESTN": {"crs": "PRE", "name": "Preston"},
  "DARLNGN": {"crs": "DAR", "name": "Darlington"},
  "DONC": {"crs": "DON", "name": "Doncaster"},
  "DONCASTR": {"crs": "DON", "name": "Doncaster"},
  "SLOUGH": {"crs": "SLO", "name": "Slough"},
  "MAIDNHD": {"crs": "MAI", "name": "Maidenhead"},
  "WNDSR": {"crs": "WNR", "name": "Windsor & Eton Riverside"},
  "WNDSRCE": {"crs": "WNC", "name": "Windsor & Eton Central"},
  "EALBDWY": {"crs": "EAL", "name": "Ealing Broadway"},
  "STAINES": {"crs": "SNS", "name": "Staines"},
  "GUILDFD": {"crs": "GLD", "name": "Guildford"},
  "SWINDON": {"crs": "SWI", "name": "Swindon"},
  "ABRDEEN": {"crs": "ABD", "name": "Aberdeen"},
  "DUNDEE": {"crs": "DEE", "name": "Dundee"},
  "INVRNSS": {"crs": "INV", "name": "Inverness"},
  "PRTH": {"crs": "PTH", "name": "Perth"},
  "STRLNG": {"crs": "STG", "name": "Stirling"},
  "CRMBRD": {"crs": "NRW", "name": "Norwich"},
  "NRCH": {"crs": "NRW", "name": "Norwich"},
  "NORWICH": {"crs": "NRW", "name": "Norwich"},
  "IPSWICH": {"crs": "IPS", "name": "Ipswich"},
  "CLCHSTR": {"crs": "COL", "name": "Colchester"},
  "CHELMSF": {"crs": "CHM", "name": "Chelmsford"},
  "STHEND": {"crs": "SOC", "name": "Southend Central"},
  "STFD": {"crs": "SRA", "name": "Stratford"},
  "STFRDLL": {"crs": "SRA", "name": "Stratford"},
  "CLPHMJN": {"crs": "CLJ", "name": "Clapham Junction"},
  "CLPHMJC": {"crs": "CLJ", "name": "Clapham Junction"},
  "CROYDON": {"crs": "ECR", "name": "East Croydon"},
  "ECROYDN": {"crs": "ECR", "name": "East Croydon"},
  "GATWICK": {"crs": "GTW", "name": "Gatwick Airport"},
  "GATWKAP": {"crs": "GTW", "name": "Gatwick Airport"},
  "LUTON": {"crs": "LUT", "name": "Luton"},
  "LUTNAIR": {"crs": "LTN", "name": "Luton Airport Parkway"},
  "STANSTD": {"crs": "SSD", "name": "Stansted Airport"},
  "HTRWAIR": {"crs": "HXX", "name": "Heathrow Airport"},
  "HETRWAP": {"crs": "HXX", "name": "Heathrow Airport"},
  "SWANSEA": {"crs": "SWA", "name": "Swansea"},
  "NWPRT": {"crs": "NWP", "name": "Newport"},
  "NEWPORT": {"crs": "NWP", "name": "Newport"},
  "CWMBRAN": {"crs": "CWM", "name": "Cwmbran"},
  "SHRWSBY": {"crs": "SHR", "name": "Shrewsbury"},
  "WREXHAM": {"crs": "WRX", "name": "Wrexham General"},
  "CHESTER": {"crs": "CTR", "name": "Chester"},
  "BNGRMN": {"crs": "BNG", "name": "Bangor"},
  "HOLYHED": {"crs": "HHD", "name": "Holyhead"},
  "CARLILE": {"crs": "CAR", "name": "Carlisle"},
  "LANCSTN": {"crs": "LAN", "name": "Lancaster"},
  "WIGAN": {"crs": "WGN", "name": "Wigan North Western"},
  "WIGANNW": {"crs": "WGN", "name": "Wigan North Western"},
  "BOLTON": {"crs": "BON", "name": "Bolton"},
  "BRNLY": {"crs": "BNY", "name": "Burnley Manchester Road"},
  "BRADFD": {"crs": "BDI", "name": "Bradford Interchange"},
  "BRADFDS": {"crs": "BDI", "name": "Bradford Interchange"},
  "HUDDRSF": {"crs": "HUD", "name": "Huddersfield"},
  "WKFLDWG": {"crs": "WKF", "name": "Wakefield Westgate"},
  "YORK": {"crs": "YRK", "name": "York"},
  "HRRGT": {"crs": "HGT", "name": "Harrogate"},
  "SCARBRO": {"crs": "SCA", "name": "Scarborough"},
  "HULL": {"crs": "HUL", "name": "Hull"},
  "HULLPRK": {"crs": "HUL", "name": "Hull"},
  "GRIMSBY": {"crs": "GMB", "name": "Grimsby Town"},
  "LINCOLN": {"crs": "LCN", "name": "Lincoln"},
  "DERBY": {"crs": "DBY", "name": "Derby"},
  "LEICSTR": {"crs": "LEI", "name": "Leicester"},
  "LESTER": {"crs": "LEI", "name": "Leicester"},
  "NMPTN": {"crs": "NMP", "name": "Northampton"},
  "MKNSCEN": {"crs": "MKC", "name": "Milton Keynes Central"},
  "MILTNKN": {"crs": "MKC", "name": "Milton Keynes Central"},
  "WATFDJ": {"crs": "WFJ", "name": "Watford Junction"},
  "STEVNGE": {"crs": "SVG", "name": "Stevenage"},
  "HITCHIN": {"crs": "HIT", "name": "Hitchin"},
  "DIDCOTP": {"crs": "DID", "name": "Didcot Parkway"},
  "DIDCTPY": {"crs": "DID", "name": "Didcot Parkway"},
  "CHIPNHM": {"crs": "CPM", "name": "Chippenham"},
  "TAUNTON": {"crs": "TAU", "name": "Taunton"},
  "WSTSUPR": {"crs": "WSM", "name": "Weston-super-Mare"},
  "GLOSTER": {"crs": "GCR", "name": "Gloucester"},
  "CHLTNHM": {"crs": "CNM", "name": "Cheltenham Spa"},
  "WORC": {"crs": "WOS", "name": "Worcester Shrub Hill"},
  "WRCSFRG": {"crs": "WOF", "name": "Worcester Foregate Street"},
  "HEREFD": {"crs": "HFD", "name": "Hereford"},
  "STOKONT": {"crs": "SOT", "name": "Stoke-on-Trent"},
  "STAFFRD": {"crs": "STA", "name": "Stafford"},
  "WVRHMTN": {"crs": "WVH", "name": "Wolverhampton"},
  "RUGBY": {"crs": "RUG", "name": "Rugby"},
  "TAMWRTH": {"crs": "TAM", "name": "Tamworth"},
  "NUNETN": {"crs": "NUN", "name": "Nuneaton"},
  "GRNWCH": {"crs": "GNW", "name": "Greenwich"},
  "LEWISHM": {"crs": "LEW", "name": "Lewisham"},
  "DARTFD": {"crs": "DFD", "name": "Dartford"},
  "GRAVSD": {"crs": "GRV", "name": "Gravesend"},
  "ROCHTSR": {"crs": "RTR", "name": "Rochester"},
  "CHATHAM": {"crs": "CTM", "name": "Chatham"},
  "FVRSHM": {"crs": "FAV", "name": "Faversham"},
  "ASHFKY": {"crs": "AFK", "name": "Ashford International"},
  "ASHFINT": {"crs": "AFK", "name": "Ashford International"},
  "DOVERPD": {"crs": "DVP", "name": "Dover Priory"},
  "RAMSGT": {"crs": "RAM", "name": "Ramsgate"},
  "MARGATE": {"crs": "MAR", "name": "Margate"},
  "CNTBRY": {"crs": "CBW", "name": "Canterbury West"},
  "CNTRBE": {"crs": "CBE", "name": "Canterbury East"},
  "FOLKEST": {"crs": "FKW", "name": "Folkestone West"},
  "TONBRDG": {"crs": "TON", "name": "Tonbridge"},
  "TUNWLLS": {"crs": "TBW", "name": "Tunbridge Wells"},
  "SEVNOAK": {"crs": "SEV", "name": "Sevenoaks"},
  "ORPNGTN": {"crs": "ORP", "name": "Orpington"},
  "BROMLEY": {"crs": "BMS", "name": "Bromley South"},
  "WIMBLMN": {"crs": "WIM", "name": "Wimbledon"},
  "SURBITN": {"crs": "SUR", "name": "Surbiton"},
  "WOKNG": {"crs": "WOK", "name": "Woking"},
  "BASNGSK": {"crs": "BSK", "name": "Basingstoke"},
  "WINCHST": {"crs": "WIN", "name": "Winchester"},
  "SALISBR": {"crs": "SAL", "name": "Salisbury"},
  "POOLEJ": {"crs": "POO", "name": "Poole"},
  "BOURNMH": {"crs": "BMH", "name": "Bournemouth"},
  "WEYMTH": {"crs": "WEY", "name": "Weymouth"},
  "PORTSMH": {"crs": "PMH", "name": "Portsmouth Harbour"},
  "PRTSMTH": {"crs": "PMS", "name": "Portsmouth & Southsea"},
  "CHISTR": {"crs": "CCH", "name": "Chichester"},
  "WORTHNG": {"crs": "WRH", "name": "Worthing"},
  "HORSHAM": {"crs": "HRH", "name": "Horsham"},
  "CRAWLEY": {"crs": "CRW", "name": "Crawley"},
  "THRBRGL": {"crs": "TBR", "name": "Three Bridges"},
  "HYWRDSH": {"crs": "HHE", "name": "Haywards Heath"},
  "EASTBRN": {"crs": "EBN", "name": "Eastbourne"},
  "HSTNGS": {"crs": "HGS", "name": "Hastings"},
  "LEWES": {"crs": "LWS", "name": "Lewes"},
  "STALBCY": {"crs": "SAC", "name": "St Albans City"},
  "BEDFDM": {"crs": "BDM", "name": "Bedford"},
  "LUTON": {"crs": "LUT", "name": "Luton"},
  "ELYBR": {"crs": "ELY", "name": "Ely"},
  "KNGSLNN": {"crs": "KLN", "name": "Kings Lynn"},
  "GTWK": {"crs": "GTW", "name": "Gatwick Airport"},
  "NTNG": {"crs": "NOT", "name": "Nottingham"},
  "DRBY": {"crs": "DBY", "name": "Derby"},
  "GRNTHM": {"crs": "GRA", "name": "Grantham"},
  "NWARK": {"crs": "NGT", "name": "Newark North Gate"},
  "NWRKNGT": {"crs": "NGT", "name": "Newark North Gate"},
  "RTFD": {"crs": "RET", "name": "Retford"},
  "DONC": {"crs": "DON", "name": "Doncaster"},
  "BERWICKT": {"crs": "BWK", "name": "Berwick-upon-Tweed"},
  "ALNMTH": {"crs": "ALM", "name": "Alnmouth"},
  "MORPETH": {"crs": "MPT", "name": "Morpeth"},
  "DRHMCTY": {"crs": "DHM", "name": "Durham"},
  "DURHAM": {"crs": "DHM", "name": "Durham"},
  "OXENHLM": {"crs": "OXN", "name": "Oxenholme Lake District"},
  "PENRITH": {"crs": "PNR", "name": "Penrith"},
  "MOTHRWL": {"crs": "MTH", "name": "Motherwell"},
  "FLKRKGH": {"crs": "FKG", "name": "Falkirk Grahamston"},
  "FLKRKHH": {"crs": "FKK", "name": "Falkirk High"},
  "LNRK": {"crs": "LNK", "name": "Lanark"},
  "DUNBLNE": {"crs": "DBL", "name": "Dunblane"},
  "PRTHDEE": {"crs": "PTH", "name": "Perth"},
  "PRTHSCN": {"crs": "PTH", "name": "Perth"},
  "ABRDNSC": {"crs": "ABD", "name": "Aberdeen"},
  "KRKCLDY": {"crs": "KDY", "name": "Kirkcaldy"},
  "DUNDEE": {"crs": "DEE", "name": "Dundee"},
  "DUNFMLN": {"crs": "DFL", "name": "Dunfermline"},
  "INVRKSN": {"crs": "INK", "name": "Inverkeithing"},
  "BLFSTCL": {"crs": "BFC", "name": "Belfast Central"},
  "BELFSTG": {"crs": "BFG", "name": "Belfast Grand Central"},
  "TROON": {"crs": "TRN", "name": "Troon"},
  "AYR": {"crs": "AYR", "name": "Ayr"},
  "KILMRNK": {"crs": "KMK", "name": "Kilmarnock"},
  "PSLYGW": {"crs": "PYG", "name": "Paisley Gilmour Street"},
  "GLAS": {"crs": "GLC", "name": "Glasgow Central"},
  "GLSQHL": {"crs": "GLQ", "name": "Glasgow Queen Street"},
  "EDIN": {"crs": "EDB", "name": "Edinburgh Waverley"},
  "EDINBGH": {"crs": "EDB", "name": "Edinburgh Waverley"},
  "WTRLOO": {"crs": "WAT", "name": "London Waterloo"},
  "VICTORA": {"crs": "VIC", "name": "London Victoria"},
  "STPAN": {"crs": "STP", "name": "London St Pancras"},
  "STPANIL": {"crs": "STP", "name": "London St Pancras"},
  "EUSTON": {"crs": "EUS", "name": "London Euston"},
  "PADTN": {"crs": "PAD", "name": "London Paddington"},
  "KGSX": {"crs": "KGX", "name": "London Kings Cross"},
  "LVRPLST": {"crs": "LST", "name": "London Liverpool Street"},
  "LNBR": {"crs": "LBG", "name": "London Bridge"},
  "MRLYBN": {"crs": "MYB", "name": "London Marylebone"},
  "CHRNGX": {"crs": "CHX", "name": "London Charing Cross"},
  "FNCHRST": {"crs": "FST", "name": "London Fenchurch Street"},
  "CNNST": {"crs": "CST", "name": "London Cannon Street"},
  "BLKFRS": {"crs": "BFR", "name": "London Blackfriars"},
  "STFD": {"crs": "SRA", "name": "Stratford"},
  "CLPHMJN": {"crs": "CLJ", "name": "Clapham Junction"},
  "ECTCDON": {"crs": "ECR", "name": "East Croydon"},
  "GTWKAIR": {"crs": "GTW", "name": "Gatwick Airport"},
  "RDNGSTN": {"crs": "RDG", "name": "Reading"},
  "RDNGWST": {"crs": "RDW", "name": "Reading West"}
}
